{
  "generator-jhipster": {
    "applicationType": "microservice",
    "authenticationType": "oauth2",
    "baseName": "Modulo3IyR",
    "blueprints": [],
    "buildTool": "maven",
    "cacheProvider": "no",
    "clientFramework": "no",
    "creationTimestamp": 1682097926983,
    "databaseType": "sql",
    "devDatabaseType": "mysql",
    "dtoSuffix": "DTO",
    "enableGradleEnterprise": false,
    "enableHibernateCache": false,
    "enableSwaggerCodegen": false,
    "enableTranslation": false,
    "entities": [
      "Usuario",
      "Estudiante",
      "InfoPersonal",
      "InfoEconomica",
      "InfoAcademica",
      "InfoBachillerato",
      "OtroEstudioFormal",
      "MatriculaSemestre",
      "Programa"
    ],
    "entitySuffix": "",
    "jhiPrefix": "jhi",
    "jhipsterVersion": "7.9.3",
    "jwtSecretKey": "Yzc4Y2E4Y2RiZTFlODRlYmFiZmFmNmY5YjgxMjU1ODVhMDZmNjdhMzA1ZDA3YjVhYmFlYzc0NWUyNGVkYjY3ZDVkZDM4NmEzMWY0ZWQ2NTY0MmVjNTJlNzY3ZWVmNzAyNzAyMzU0MWJhNTY0NzYyMjk3NDM1ZmYwZTczZTZhMGE=",
    "languages": ["en", "fr"],
    "lastLiquibaseTimestamp": 1682098723000,
    "messageBroker": false,
    "microfrontend": true,
    "microfrontends": [],
    "monorepository": true,
    "nativeLanguage": "es",
    "otherModules": [],
    "packageName": "ingresos",
    "pages": [],
    "prodDatabaseType": "mysql",
    "reactive": true,
    "searchEngine": false,
    "serverPort": "8080",
    "serverSideOptions": [],
    "serviceDiscoveryType": "eureka",
    "skipCheckLengthOfIdentifier": false,
    "skipClient": true,
    "skipCommitHook": true,
    "skipFakeData": false,
    "skipUserManagement": true,
    "testFrameworks": [],
    "websocket": false,
    "withAdminUi": false
  }
}
