<?xml version="1.0" encoding="utf-8"?>
<databaseChangeLog
    xmlns="http://www.liquibase.org/xml/ns/dbchangelog"
    xmlns:ext="http://www.liquibase.org/xml/ns/dbchangelog-ext"
    xmlns:xsi="http://www.w3.org/2001/XMLSchema-instance"
    xsi:schemaLocation="http://www.liquibase.org/xml/ns/dbchangelog http://www.liquibase.org/xml/ns/dbchangelog/dbchangelog-latest.xsd
                        http://www.liquibase.org/xml/ns/dbchangelog-ext http://www.liquibase.org/xml/ns/dbchangelog/dbchangelog-ext.xsd">

    <!--
        Added the entity InfoPersonal.
    -->
    <changeSet id="20230421173837-1" author="jhipster">
        <createTable tableName="info_personal">
            <column name="id" type="varchar(255)">
                <constraints primaryKey="true" nullable="false"/>
            </column>
            <column name="tipo_id" type="varchar(255)">
                <constraints nullable="true" />
            </column>
            <column name="nombre" type="varchar(255)">
                <constraints nullable="true" />
            </column>
            <column name="apellidos" type="varchar(255)">
                <constraints nullable="true" />
            </column>
            <column name="genero" type="varchar(255)">
                <constraints nullable="true" />
            </column>
            <column name="fecha_nacimiento" type="varchar(255)">
                <constraints nullable="true" />
            </column>
            <column name="edad_ingreso" type="integer">
                <constraints nullable="true" />
            </column>
            <column name="telefono" type="integer">
                <constraints nullable="true" />
            </column>
            <column name="celular" type="integer">
                <constraints nullable="true" />
            </column>
            <column name="correo_personal" type="varchar(255)">
                <constraints nullable="true" />
            </column>
            <column name="nacionalidad" type="varchar(255)">
                <constraints nullable="true" />
            </column>
            <!-- jhipster-needle-liquibase-add-column - JHipster will add columns here -->
        </createTable>
    </changeSet>

    <!-- jhipster-needle-liquibase-add-changeset - JHipster will add changesets here -->

    <!--
        Load sample data generated with Faker.js
        - This data can be easily edited using a CSV editor (or even MS Excel) and
          is located in the 'src/main/resources/config/liquibase/fake-data' directory
        - By default this data is applied when running with the JHipster 'dev' profile.
          This can be customized by adding or removing 'faker' in the 'spring.liquibase.contexts'
          Spring Boot configuration key.
    -->
    <changeSet id="20230421173837-1-data" author="jhipster" context="faker">
        <loadData
                  file="config/liquibase/fake-data/info_personal.csv"
                  separator=";"
                  tableName="info_personal"
                  usePreparedStatements="true">
            <column name="id" type="string"/>
            <column name="tipo_id" type="string"/>
            <column name="nombre" type="string"/>
            <column name="apellidos" type="string"/>
            <column name="genero" type="string"/>
            <column name="fecha_nacimiento" type="string"/>
            <column name="edad_ingreso" type="numeric"/>
            <column name="telefono" type="numeric"/>
            <column name="celular" type="numeric"/>
            <column name="correo_personal" type="string"/>
            <column name="nacionalidad" type="string"/>
            <!-- jhipster-needle-liquibase-add-loadcolumn - JHipster (and/or extensions) can add load columns here -->
        </loadData>
    </changeSet>
</databaseChangeLog>
