<?xml version="1.0" encoding="utf-8"?>
<databaseChangeLog
    xmlns="http://www.liquibase.org/xml/ns/dbchangelog"
    xmlns:ext="http://www.liquibase.org/xml/ns/dbchangelog-ext"
    xmlns:xsi="http://www.w3.org/2001/XMLSchema-instance"
    xsi:schemaLocation="http://www.liquibase.org/xml/ns/dbchangelog http://www.liquibase.org/xml/ns/dbchangelog/dbchangelog-latest.xsd
                        http://www.liquibase.org/xml/ns/dbchangelog-ext http://www.liquibase.org/xml/ns/dbchangelog/dbchangelog-ext.xsd">

    <!--
        Added the entity MatriculaSemestre.
    -->
    <changeSet id="20230421173842-1" author="jhipster">
        <createTable tableName="matricula_semestre">
            <column name="id" type="bigint" autoIncrement="true">
                <constraints primaryKey="true" nullable="false"/>
            </column>
            <column name="tipo_ingreso" type="varchar(255)">
                <constraints nullable="true" />
            </column>
            <column name="tipo_aspirante" type="varchar(255)">
                <constraints nullable="true" />
            </column>
            <column name="version" type="varchar(255)">
                <constraints nullable="true" />
            </column>
            <column name="modalidad" type="varchar(255)">
                <constraints nullable="true" />
            </column>
            <column name="sede" type="varchar(255)">
                <constraints nullable="true" />
            </column>
            <column name="year" type="integer">
                <constraints nullable="true" />
            </column>
            <column name="cohorte" type="varchar(255)">
                <constraints nullable="true" />
            </column>
            <column name="estado" type="varchar(255)">
                <constraints nullable="true" />
            </column>
            <column name="promedio_semestre" type="double">
                <constraints nullable="true" />
            </column>
            <column name="promedio_acumulado" type="double">
                <constraints nullable="true" />
            </column>
            <column name="liquidacion_matricula" type="varchar(255)">
                <constraints nullable="true" />
            </column>
            <column name="estado_pago" type="varchar(255)">
                <constraints nullable="true" />
            </column>
            <column name="situacion_academica" type="varchar(255)">
                <constraints nullable="true" />
            </column>
            <column name="matriculas_id" type="bigint">
                <constraints nullable="false" unique="true" uniqueConstraintName="ux_matricula_semestre__matriculas_id" />
            </column>
            <column name="matriculaa_id" type="bigint">
                <constraints nullable="false" />
            </column>
            <!-- jhipster-needle-liquibase-add-column - JHipster will add columns here -->
        </createTable>
    </changeSet>

    <!-- jhipster-needle-liquibase-add-changeset - JHipster will add changesets here -->

    <!--
        Load sample data generated with Faker.js
        - This data can be easily edited using a CSV editor (or even MS Excel) and
          is located in the 'src/main/resources/config/liquibase/fake-data' directory
        - By default this data is applied when running with the JHipster 'dev' profile.
          This can be customized by adding or removing 'faker' in the 'spring.liquibase.contexts'
          Spring Boot configuration key.
    -->
    <changeSet id="20230421173842-1-data" author="jhipster" context="faker">
        <loadData
                  file="config/liquibase/fake-data/matricula_semestre.csv"
                  separator=";"
                  tableName="matricula_semestre"
                  usePreparedStatements="true">
            <column name="id" type="numeric"/>
            <column name="tipo_ingreso" type="string"/>
            <column name="tipo_aspirante" type="string"/>
            <column name="version" type="string"/>
            <column name="modalidad" type="string"/>
            <column name="sede" type="string"/>
            <column name="year" type="numeric"/>
            <column name="cohorte" type="string"/>
            <column name="estado" type="string"/>
            <column name="promedio_semestre" type="numeric"/>
            <column name="promedio_acumulado" type="numeric"/>
            <column name="liquidacion_matricula" type="string"/>
            <column name="estado_pago" type="string"/>
            <column name="situacion_academica" type="string"/>
            <column name="matriculas_id" type="numeric"/>
            <column name="matriculaa_id" type="numeric"/>
            <!-- jhipster-needle-liquibase-add-loadcolumn - JHipster (and/or extensions) can add load columns here -->
        </loadData>
    </changeSet>
</databaseChangeLog>
