{
  "applications": "*",
  "changelogDate": "20230421173836",
  "clientRootFolder": "Modulo3IyR",
  "databaseType": "sql",
  "dto": "no",
  "embedded": false,
  "entityTableName": "estudiante",
  "fields": [
    {
      "fieldName": "diligenciado",
      "fieldType": "Boolean"
    }
  ],
  "fluentMethods": true,
  "jpaMetamodelFiltering": false,
  "microserviceName": "Modulo3IyR",
  "name": "Estudiante",
  "pagination": "no",
  "readOnly": false,
  "relationships": [
    {
      "otherEntityName": "infoPersonal",
      "ownerSide": true,
      "relationshipName": "estudianteP",
      "relationshipType": "one-to-one",
      "relationshipValidateRules": "required"
    },
    {
      "otherEntityName": "infoEconomica",
      "ownerSide": true,
      "relationshipName": "estudianteE",
      "relationshipType": "one-to-one",
      "relationshipValidateRules": "required"
    },
    {
      "otherEntityName": "infoAcademica",
      "ownerSide": true,
      "relationshipName": "estudianteA",
      "relationshipType": "one-to-one",
      "relationshipValidateRules": "required"
    }
  ],
  "service": "no"
}
