{
  "applications": "*",
  "changelogDate": "20230421173843",
  "clientRootFolder": "Modulo3IyR",
  "databaseType": "sql",
  "dto": "no",
  "embedded": false,
  "entityTableName": "programa",
  "fields": [
    {
      "fieldName": "codigo",
      "fieldType": "String"
    },
    {
      "fieldName": "nombre",
      "fieldType": "String"
    },
    {
      "fieldName": "restriccion",
      "fieldType": "String"
    },
    {
      "fieldName": "descripcion",
      "fieldType": "String"
    }
  ],
  "fluentMethods": true,
  "jpaMetamodelFiltering": false,
  "microserviceName": "Modulo3IyR",
  "name": "Programa",
  "pagination": "no",
  "readOnly": false,
  "relationships": [],
  "service": "no"
}
