<?xml version="1.0" encoding="utf-8"?>
<databaseChangeLog
    xmlns="http://www.liquibase.org/xml/ns/dbchangelog"
    xmlns:xsi="http://www.w3.org/2001/XMLSchema-instance"
    xsi:schemaLocation="http://www.liquibase.org/xml/ns/dbchangelog http://www.liquibase.org/xml/ns/dbchangelog/dbchangelog-latest.xsd">
    <property name="now" value="now()" dbms="mysql"/>
    <property name="floatType" value="float" dbms="mysql"/>
    <property name="clobType" value="clob" dbms="mysql"/>
    <property name="blobType" value="longblob" dbms="mysql"/>
    <property name="uuidType" value="varchar(36)" dbms="mysql"/>
    <property name="datetimeType" value="datetime(6)" dbms="mysql"/>

    <include file="config/liquibase/changelog/00000000000000_initial_schema.xml" relativeToChangelogFile="false"/>
    <include file="config/liquibase/changelog/20230421173835_added_entity_Usuario.xml" relativeToChangelogFile="false"/>
    <include file="config/liquibase/changelog/20230421173836_added_entity_Estudiante.xml" relativeToChangelogFile="false"/>
    <include file="config/liquibase/changelog/20230421173837_added_entity_InfoPersonal.xml" relativeToChangelogFile="false"/>
    <include file="config/liquibase/changelog/20230421173838_added_entity_InfoEconomica.xml" relativeToChangelogFile="false"/>
    <include file="config/liquibase/changelog/20230421173839_added_entity_InfoAcademica.xml" relativeToChangelogFile="false"/>
    <include file="config/liquibase/changelog/20230421173840_added_entity_InfoBachillerato.xml" relativeToChangelogFile="false"/>
    <include file="config/liquibase/changelog/20230421173841_added_entity_OtroEstudioFormal.xml" relativeToChangelogFile="false"/>
    <include file="config/liquibase/changelog/20230421173842_added_entity_MatriculaSemestre.xml" relativeToChangelogFile="false"/>
    <include file="config/liquibase/changelog/20230421173843_added_entity_Programa.xml" relativeToChangelogFile="false"/>
    <!-- jhipster-needle-liquibase-add-changelog - JHipster will add liquibase changelogs here -->
    <include file="config/liquibase/changelog/20230421173836_added_entity_constraints_Estudiante.xml" relativeToChangelogFile="false"/>
    <include file="config/liquibase/changelog/20230421173839_added_entity_constraints_InfoAcademica.xml" relativeToChangelogFile="false"/>
    <include file="config/liquibase/changelog/20230421173841_added_entity_constraints_OtroEstudioFormal.xml" relativeToChangelogFile="false"/>
    <include file="config/liquibase/changelog/20230421173842_added_entity_constraints_MatriculaSemestre.xml" relativeToChangelogFile="false"/>
    <!-- jhipster-needle-liquibase-add-constraints-changelog - JHipster will add liquibase constraints changelogs here -->
    <!-- jhipster-needle-liquibase-add-incremental-changelog - JHipster will add incremental liquibase changelogs here -->
</databaseChangeLog>
